{"x_coef": 1.227747, "y_coef": 1.228501229}